<x:xmpmeta tsc:version="2.0.1" xmlns:x="adobe:ns:meta/" xmlns:tsc="http://www.techsmith.com/xmp/tsc/">
   <rdf:RDF xmlns:rdf="http://www.w3.org/1999/02/22-rdf-syntax-ns#" xmlns:xmp="http://ns.adobe.com/xap/1.0/" xmlns:xmpDM="http://ns.adobe.com/xmp/1.0/DynamicMedia/" xmlns:xmpG="http://ns.adobe.com/xap/1.0/g/" xmlns:xmpMM="http://ns.adobe.com/xap/1.0/mm/" xmlns:tscDM="http://www.techsmith.com/xmp/tscDM/" xmlns:tscIQ="http://www.techsmith.com/xmp/tscIQ/" xmlns:tscHS="http://www.techsmith.com/xmp/tscHS/" xmlns:stDim="http://ns.adobe.com/xap/1.0/sType/Dimensions#" xmlns:stFnt="http://ns.adobe.com/xap/1.0/sType/Font#" xmlns:exif="http://ns.adobe.com/exif/1.0" xmlns:dc="http://purl.org/dc/elements/1.1/">
      <rdf:Description dc:date="2024-12-17 02:06:24 AM" dc:source="Camtasia,9.0.4,enu" dc:title="module29_1.2" tscDM:firstFrame="module29_1.2_First_Frame.png" tscDM:originId="67823403-5526-4B23-8647-20BF45EAEF59" tscDM:project="module29_1.2">
         <xmpDM:duration xmpDM:scale="1/1000" xmpDM:value="246166"/>
         <xmpDM:videoFrameSize stDim:unit="pixel" stDim:h="904" stDim:w="1418"/>
         <tsc:langName>
            <rdf:Bag>
               <rdf:li xml:lang="en-US">English</rdf:li></rdf:Bag>
         </tsc:langName>
         <xmpDM:Tracks>
            <rdf:Bag>
               <rdf:li>
                  <rdf:Description xmpDM:trackType="Caption" xmpDM:frameRate="f1000" xmpDM:trackName="Captioning" stFnt:fontFamily="Arial" tscDM:fontSize="52" tscDM:bgOpacity="0.750000" tscDM:position="overlay">
                     <xmpDM:markers>
                        <rdf:Seq>
                           <rdf:li><rdf:Description xmpDM:duration="6000" xmpDM:startTime="0" tscDM:valign="bottom" tscDM:halign="center"><xmpDM:name><rdf:Alt><rdf:li xml:lang="en-US">{\rtf1 Các nhà nghiên cứu cũng phát hiện ra rằng giáo \par viên và nhân viên đôi khi sẽ bỏ qua hoặc coi \par thường}</rdf:li></rdf:Alt></xmpDM:name></rdf:Description></rdf:li><rdf:li><rdf:Description xmpDM:duration="5000" xmpDM:startTime="6000" tscDM:valign="bottom" tscDM:halign="center"><xmpDM:name><rdf:Alt><rdf:li xml:lang="en-US">{\rtf1 cha mẹ không tuân thủ các chuẩn mực của tổ \par chức.}</rdf:li></rdf:Alt></xmpDM:name></rdf:Description></rdf:li><rdf:li><rdf:Description xmpDM:duration="4000" xmpDM:startTime="11000" tscDM:valign="bottom" tscDM:halign="center"><xmpDM:name><rdf:Alt><rdf:li xml:lang="en-US">{\rtf1 Các nhà nghiên cứu cũng phát hiện ra rằng giáo \par viên và nhân viên đôi khi sẽ bỏ qua hoặc coi \par thường}</rdf:li></rdf:Alt></xmpDM:name></rdf:Description></rdf:li><rdf:li><rdf:Description xmpDM:duration="4000" xmpDM:startTime="15000" tscDM:valign="bottom" tscDM:halign="center"><xmpDM:name><rdf:Alt><rdf:li xml:lang="en-US">{\rtf1 phụ huynh không tuân thủ các quy định của nhà \par trường.}</rdf:li></rdf:Alt></xmpDM:name></rdf:Description></rdf:li><rdf:li><rdf:Description xmpDM:duration="4000" xmpDM:startTime="19000" tscDM:valign="bottom" tscDM:halign="center"><xmpDM:name><rdf:Alt><rdf:li xml:lang="en-US">{\rtf1 Trong đoạn clip sau, bạn sẽ nghe một giáo viên \par trung học đưa ra ví dụ về điều này}</rdf:li></rdf:Alt></xmpDM:name></rdf:Description></rdf:li><rdf:li><rdf:Description xmpDM:duration="1000" xmpDM:startTime="23000" tscDM:valign="bottom" tscDM:halign="center"><xmpDM:name><rdf:Alt><rdf:li xml:lang="en-US">{\rtf1 có thể trông như thế nào.}</rdf:li></rdf:Alt></xmpDM:name></rdf:Description></rdf:li><rdf:li><rdf:Description xmpDM:duration="14000" xmpDM:startTime="30000" tscDM:valign="bottom" tscDM:halign="center"><xmpDM:name><rdf:Alt><rdf:li xml:lang="en-US">{\rtf1 Trong tâm trí tôi, tôi có cụm từ này được gọi là \par bức tường đá nơi mà từ bên trong tôi không \par được phép}</rdf:li></rdf:Alt></xmpDM:name></rdf:Description></rdf:li><rdf:li><rdf:Description xmpDM:duration="2000" xmpDM:startTime="44000" tscDM:valign="bottom" tscDM:halign="center"><xmpDM:name><rdf:Alt><rdf:li xml:lang="en-US">{\rtf1 nói thế này nhưng điều đó thường xảy ra.}</rdf:li></rdf:Alt></xmpDM:name></rdf:Description></rdf:li><rdf:li><rdf:Description xmpDM:duration="5000" xmpDM:startTime="46000" tscDM:valign="bottom" tscDM:halign="center"><xmpDM:name><rdf:Alt><rdf:li xml:lang="en-US">{\rtf1 Vì vậy, một giáo viên cảm thấy bị phụ huynh tấn \par công và sau đó họ nói với người quản lý của \par mình và sau đó}</rdf:li></rdf:Alt></xmpDM:name></rdf:Description></rdf:li><rdf:li><rdf:Description xmpDM:duration="3000" xmpDM:startTime="51000" tscDM:valign="bottom" tscDM:halign="center"><xmpDM:name><rdf:Alt><rdf:li xml:lang="en-US">{\rtf1 Mọi người đều thắc mắc, công ty chúng ta sẽ có \par phương châm hoạt động như thế nào?}</rdf:li></rdf:Alt></xmpDM:name></rdf:Description></rdf:li><rdf:li><rdf:Description xmpDM:duration="4000" xmpDM:startTime="54000" tscDM:valign="bottom" tscDM:halign="center"><xmpDM:name><rdf:Alt><rdf:li xml:lang="en-US">{\rtf1 Và sau đó tất cả chúng ta sẽ khóa tay nhau lại \par và chúng ta sẽ đóng cửa cha mẹ này và tôi}</rdf:li></rdf:Alt></xmpDM:name></rdf:Description></rdf:li><rdf:li><rdf:Description xmpDM:duration="3000" xmpDM:startTime="58000" tscDM:valign="bottom" tscDM:halign="center"><xmpDM:name><rdf:Alt><rdf:li xml:lang="en-US">{\rtf1 không bao giờ muốn làm điều đó.}</rdf:li></rdf:Alt></xmpDM:name></rdf:Description></rdf:li><rdf:li><rdf:Description xmpDM:duration="6000" xmpDM:startTime="61000" tscDM:valign="bottom" tscDM:halign="center"><xmpDM:name><rdf:Alt><rdf:li xml:lang="en-US">{\rtf1 Ngay cả khi tôi không đồng ý với cha mẹ, tôi \par vẫn muốn cha mẹ cảm thấy tin tưởng tôi}</rdf:li></rdf:Alt></xmpDM:name></rdf:Description></rdf:li><rdf:li><rdf:Description xmpDM:duration="8000" xmpDM:startTime="67000" tscDM:valign="bottom" tscDM:halign="center"><xmpDM:name><rdf:Alt><rdf:li xml:lang="en-US">{\rtf1 với con của họ theo cùng cách tôi tin tưởng con \par tôi với giáo viên của chúng và tôi muốn họ}</rdf:li></rdf:Alt></xmpDM:name></rdf:Description></rdf:li><rdf:li><rdf:Description xmpDM:duration="8000" xmpDM:startTime="75000" tscDM:valign="bottom" tscDM:halign="center"><xmpDM:name><rdf:Alt><rdf:li xml:lang="en-US">{\rtf1 để cảm nhận điều đó.}</rdf:li></rdf:Alt></xmpDM:name></rdf:Description></rdf:li><rdf:li><rdf:Description xmpDM:duration="4000" xmpDM:startTime="83000" tscDM:valign="bottom" tscDM:halign="center"><xmpDM:name><rdf:Alt><rdf:li xml:lang="en-US">{\rtf1 Là giáo viên và quản lý, làm thế nào chúng ta có \par thể tránh được những tư duy và hành động có \par tác động}</rdf:li></rdf:Alt></xmpDM:name></rdf:Description></rdf:li><rdf:li><rdf:Description xmpDM:duration="2000" xmpDM:startTime="87000" tscDM:valign="bottom" tscDM:halign="center"><xmpDM:name><rdf:Alt><rdf:li xml:lang="en-US">{\rtf1 của việc xa lánh hoặc loại trừ cha mẹ?}</rdf:li></rdf:Alt></xmpDM:name></rdf:Description></rdf:li><rdf:li><rdf:Description xmpDM:duration="5000" xmpDM:startTime="89000" tscDM:valign="bottom" tscDM:halign="center"><xmpDM:name><rdf:Alt><rdf:li xml:lang="en-US">{\rtf1 Vâng, điều đầu tiên chúng ta có thể làm là phát \par triển nhận thức về những cách mà sự thiên vị \par ảnh hưởng đến}</rdf:li></rdf:Alt></xmpDM:name></rdf:Description></rdf:li><rdf:li><rdf:Description xmpDM:duration="3000" xmpDM:startTime="94000" tscDM:valign="bottom" tscDM:halign="center"><xmpDM:name><rdf:Alt><rdf:li xml:lang="en-US">{\rtf1 cách chúng ta suy nghĩ và hành động đối với họ.}</rdf:li></rdf:Alt></xmpDM:name></rdf:Description></rdf:li><rdf:li><rdf:Description xmpDM:duration="12000" xmpDM:startTime="97000" tscDM:valign="bottom" tscDM:halign="center"><xmpDM:name><rdf:Alt><rdf:li xml:lang="en-US">{\rtf1 Hãy dành chút thời gian để suy ngẫm về câu \par trích dẫn này.}</rdf:li></rdf:Alt></xmpDM:name></rdf:Description></rdf:li><rdf:li><rdf:Description xmpDM:duration="5000" xmpDM:startTime="109000" tscDM:valign="bottom" tscDM:halign="center"><xmpDM:name><rdf:Alt><rdf:li xml:lang="en-US">{\rtf1 Khi những cảm xúc tiêu cực này được xác định, \par chìa khóa là thay thế sự phán xét bằng sự đồng \par cảm}</rdf:li></rdf:Alt></xmpDM:name></rdf:Description></rdf:li><rdf:li><rdf:Description xmpDM:duration="2000" xmpDM:startTime="114000" tscDM:valign="bottom" tscDM:halign="center"><xmpDM:name><rdf:Alt><rdf:li xml:lang="en-US">{\rtf1 và tự phản ánh.}</rdf:li></rdf:Alt></xmpDM:name></rdf:Description></rdf:li><rdf:li><rdf:Description xmpDM:duration="4000" xmpDM:startTime="116000" tscDM:valign="bottom" tscDM:halign="center"><xmpDM:name><rdf:Alt><rdf:li xml:lang="en-US">{\rtf1 Điều này có nghĩa là dành thời gian để tìm hiểu \par về tình hình từ góc nhìn của cha mẹ}</rdf:li></rdf:Alt></xmpDM:name></rdf:Description></rdf:li><rdf:li><rdf:Description xmpDM:duration="5000" xmpDM:startTime="120000" tscDM:valign="bottom" tscDM:halign="center"><xmpDM:name><rdf:Alt><rdf:li xml:lang="en-US">{\rtf1 luật xa gần.}</rdf:li></rdf:Alt></xmpDM:name></rdf:Description></rdf:li><rdf:li><rdf:Description xmpDM:duration="7000" xmpDM:startTime="125000" tscDM:valign="bottom" tscDM:halign="center"><xmpDM:name><rdf:Alt><rdf:li xml:lang="en-US">{\rtf1 Một cách để chống lại sự thiên vị và xây dựng \par mối quan hệ đồng cảm là đối thoại với phụ \par huynh.}</rdf:li></rdf:Alt></xmpDM:name></rdf:Description></rdf:li><rdf:li><rdf:Description xmpDM:duration="5000" xmpDM:startTime="132000" tscDM:valign="bottom" tscDM:halign="center"><xmpDM:name><rdf:Alt><rdf:li xml:lang="en-US">{\rtf1 Tiếp cận họ như những người bình đẳng, đặt \par câu hỏi và lắng nghe để hiểu.}</rdf:li></rdf:Alt></xmpDM:name></rdf:Description></rdf:li><rdf:li><rdf:Description xmpDM:duration="4000" xmpDM:startTime="137000" tscDM:valign="bottom" tscDM:halign="center"><xmpDM:name><rdf:Alt><rdf:li xml:lang="en-US">{\rtf1 Chúng tôi sẽ kết thúc bằng việc giáo viên thực \par hành giải thích cách cô ấy cố gắng thực hiện \par điều này trong công việc của mình với}</rdf:li></rdf:Alt></xmpDM:name></rdf:Description></rdf:li><rdf:li><rdf:Description xmpDM:duration="1000" xmpDM:startTime="141000" tscDM:valign="bottom" tscDM:halign="center"><xmpDM:name><rdf:Alt><rdf:li xml:lang="en-US">{\rtf1 cha mẹ.}</rdf:li></rdf:Alt></xmpDM:name></rdf:Description></rdf:li><rdf:li><rdf:Description xmpDM:duration="4000" xmpDM:startTime="142000" tscDM:valign="bottom" tscDM:halign="center"><xmpDM:name><rdf:Alt><rdf:li xml:lang="en-US">{\rtf1 Khi bạn xem xong, hãy truy cập vào tài nguyên \par mô-đun và bắt đầu suy nghĩ về những điều có \par thể}</rdf:li></rdf:Alt></xmpDM:name></rdf:Description></rdf:li><rdf:li><rdf:Description xmpDM:duration="6000" xmpDM:startTime="146000" tscDM:valign="bottom" tscDM:halign="center"><xmpDM:name><rdf:Alt><rdf:li xml:lang="en-US">{\rtf1 những rào cản có thể ngăn cản bạn hợp tác \par hiệu quả hơn với phụ huynh học sinh.}</rdf:li></rdf:Alt></xmpDM:name></rdf:Description></rdf:li><rdf:li><rdf:Description xmpDM:duration="2000" xmpDM:startTime="152000" tscDM:valign="bottom" tscDM:halign="center"><xmpDM:name><rdf:Alt><rdf:li xml:lang="en-US">{\rtf1 Và cách khắc phục chúng.}</rdf:li></rdf:Alt></xmpDM:name></rdf:Description></rdf:li><rdf:li><rdf:Description xmpDM:duration="30000" xmpDM:startTime="172000" tscDM:valign="bottom" tscDM:halign="center"><xmpDM:name><rdf:Alt><rdf:li xml:lang="en-US">{\rtf1 Bạn biết đấy, tôi cứ nghĩ như thế này,}</rdf:li></rdf:Alt></xmpDM:name></rdf:Description></rdf:li><rdf:li><rdf:Description xmpDM:duration="2000" xmpDM:startTime="202000" tscDM:valign="bottom" tscDM:halign="center"><xmpDM:name><rdf:Alt><rdf:li xml:lang="en-US">{\rtf1 có phải tôi có thể nói với phụ huynh này không?}</rdf:li></rdf:Alt></xmpDM:name></rdf:Description></rdf:li><rdf:li><rdf:Description xmpDM:duration="2000" xmpDM:startTime="204000" tscDM:valign="bottom" tscDM:halign="center"><xmpDM:name><rdf:Alt><rdf:li xml:lang="en-US">{\rtf1 Tôi có thể nghe họ bằng cách nào?}</rdf:li></rdf:Alt></xmpDM:name></rdf:Description></rdf:li><rdf:li><rdf:Description xmpDM:duration="5000" xmpDM:startTime="206000" tscDM:valign="bottom" tscDM:halign="center"><xmpDM:name><rdf:Alt><rdf:li xml:lang="en-US">{\rtf1 Làm sao tôi có thể chia sẻ với họ những quan \par sát của tôi về con họ?}</rdf:li></rdf:Alt></xmpDM:name></rdf:Description></rdf:li><rdf:li><rdf:Description xmpDM:duration="2000" xmpDM:startTime="211000" tscDM:valign="bottom" tscDM:halign="center"><xmpDM:name><rdf:Alt><rdf:li xml:lang="en-US">{\rtf1 Tôi có thể làm gì khác đi?}</rdf:li></rdf:Alt></xmpDM:name></rdf:Description></rdf:li><rdf:li><rdf:Description xmpDM:duration="6000" xmpDM:startTime="213000" tscDM:valign="bottom" tscDM:halign="center"><xmpDM:name><rdf:Alt><rdf:li xml:lang="en-US">{\rtf1 Vì vậy, một trong những điều tôi muốn hỏi phụ \par huynh, đặc biệt là đối với học sinh là tôi cảm \par thấy như thế nào}</rdf:li></rdf:Alt></xmpDM:name></rdf:Description></rdf:li><rdf:li><rdf:Description xmpDM:duration="6000" xmpDM:startTime="219000" tscDM:valign="bottom" tscDM:halign="center"><xmpDM:name><rdf:Alt><rdf:li xml:lang="en-US">{\rtf1 Tôi thấy có điều gì đó không ổn ở lớp học, tôi có \par thể làm gì khác để hỗ trợ con bạn?}</rdf:li></rdf:Alt></xmpDM:name></rdf:Description></rdf:li><rdf:li><rdf:Description xmpDM:duration="5000" xmpDM:startTime="225000" tscDM:valign="bottom" tscDM:halign="center"><xmpDM:name><rdf:Alt><rdf:li xml:lang="en-US">{\rtf1 Họ xử lý cơn tức giận hoặc thất vọng như thế \par nào hoặc một số điều nào có hiệu quả với bạn?}</rdf:li></rdf:Alt></xmpDM:name></rdf:Description></rdf:li><rdf:li><rdf:Description xmpDM:duration="5000" xmpDM:startTime="230000" tscDM:valign="bottom" tscDM:halign="center"><xmpDM:name><rdf:Alt><rdf:li xml:lang="en-US">{\rtf1 Và vì vậy, câu hỏi đó tự nó đã cho phép mọi \par người rất trung thực với tôi và sau đó}</rdf:li></rdf:Alt></xmpDM:name></rdf:Description></rdf:li><rdf:li><rdf:Description xmpDM:duration="5000" xmpDM:startTime="235000" tscDM:valign="bottom" tscDM:halign="center"><xmpDM:name><rdf:Alt><rdf:li xml:lang="en-US">{\rtf1 cho phép tôi làm một số việc khác biệt trong lớp \par học của tôi mà không phải}</rdf:li></rdf:Alt></xmpDM:name></rdf:Description></rdf:li><rdf:li><rdf:Description xmpDM:duration="1000" xmpDM:startTime="240000" tscDM:valign="bottom" tscDM:halign="center"><xmpDM:name><rdf:Alt><rdf:li xml:lang="en-US">{\rtf1 trong sách giáo khoa.}</rdf:li></rdf:Alt></xmpDM:name></rdf:Description></rdf:li></rdf:Seq>
                     </xmpDM:markers>
                     <tsc:fgColor xmpG:red="255" xmpG:green="255" xmpG:blue="255"/><tsc:bgColor xmpG:red="0" xmpG:green="0" xmpG:blue="0"/></rdf:Description>
               </rdf:li>
            </rdf:Bag>
         </xmpDM:Tracks>
         <tscDM:controller>
            <rdf:Description xmpDM:name="tscplayer">
               <tscDM:parameters>
                  <rdf:Bag>
                     <rdf:li xmpDM:name="autohide" xmpDM:value="true"/><rdf:li xmpDM:name="autoplay" xmpDM:value="false"/><rdf:li xmpDM:name="loop" xmpDM:value="false"/><rdf:li xmpDM:name="searchable" xmpDM:value="true"/><rdf:li xmpDM:name="captionsenabled" xmpDM:value="false"/><rdf:li xmpDM:name="sidebarenabled" xmpDM:value="false"/><rdf:li xmpDM:name="unicodeenabled" xmpDM:value="false"/><rdf:li xmpDM:name="backgroundcolor" xmpDM:value="000000"/><rdf:li xmpDM:name="sidebarlocation" xmpDM:value="left"/><rdf:li xmpDM:name="endaction" xmpDM:value="stop"/><rdf:li xmpDM:name="endactionparam" xmpDM:value="true"/><rdf:li xmpDM:name="locale" xmpDM:value="en-US"/></rdf:Bag>
               </tscDM:parameters>
               <tscDM:controllerText>
                  <rdf:Bag>
                  </rdf:Bag>
               </tscDM:controllerText>
            </rdf:Description>
         </tscDM:controller>
         <tscDM:contentList>
            <rdf:Description>
               <tscDM:files>
                  <rdf:Seq>
                     <rdf:li xmpDM:name="0" xmpDM:value="module29_1.2.mp4"/><rdf:li xmpDM:name="1" xmpDM:value="module29_1.2.zip"/><rdf:li xmpDM:name="2" xmpDM:value="module29_1.2_First_Frame.png"/></rdf:Seq>
               </tscDM:files>
            </rdf:Description>
         </tscDM:contentList>
      </rdf:Description>
   </rdf:RDF>
</x:xmpmeta>